GEN_ID;E_fd_pu;Pm_MW
1;1.120183;193.3723
2;1.538037;152.0302
3;1.67468;135.2923
